CustomerId,Email
48271,geovany.danarius@gmail.com
61534,christina.jenae@gmail.com
73912,daitonjartavious@gmail.com
28394,jazzlyn_obrien574@gmail.com
91823,marcoantonioa@gmail.com
12487,frazier.mylena361@gmail.com
56719,faitonjtavious@gmail.com
31142,autumk@gmail.com
79033,shelie_marvensky@gmail.com
44327,dalette.alijah@gmail.com
22091,iain.farouk@gmail.com
87124,iain.farouk@gmail.com
49218,mailijoshue307@gmail.com
68035,rashmirotunda@gmail.com
33158,c.ciena@gmail.com
84216,k.joshia@gmail.com
15329,avyadamauri991@gmail.com
76081,linsy.jesusa@gmail.com
58902,akylaa@gmail.com
90147,kayelyn_sowmya@gmail.com
23576,loree_devron@gmail.com
47814,ivyanna.sfarouk@gmail.com
91352,aadya.opie@gmail.com
30249,aishani.seleta@gmail.com
66543,k.romee@gmail.com
77491,annaley_demia@gmail.com
11248,yons@gmail.com
88815,annlee_kannon@gmail.com
42136,macenziev806@gmail.com
54817,s.kimari@gmail.com
36985,austen_amicia831@gmail.com
98142,jenesys.gryphon@gmail.com
29476,mikkos.abigial@gmail.com
63521,telley.jen@gmail.com
77234,luxenbryseida@gmail.com
21497,franchon.yeidan@gmail.com
90124,jhenae_ram225@gmail.com
30581,cacee.dennard@gmail.com
73904,tieran714@gmail.com
59931,mileenan@gmail.com
84322,benjaminec460@gmail.com
12134,crayton.maylea935@gmail.com
77701,saskia.cordaryl382@gmail.com
65438,thermanm@gmail.com
24091,s.douglass406@gmail.com
88712,thaiz.michala@gmail.com
40987,arienne.latorya95@gmail.com
75392,skilynn_anaveah@gmail.com
91852,danaiya.eloisa@gmail.com
14239,naziya.kardyn@gmail.com
67891,aishani.seleta@gmail.com
81047,m.bastion134@gmail.com
25098,lashonta_zofia@gmail.com
90871,yomayraj628@gmail.com
18765,reha.eamon@gmail.com
45621,broly_cailie654@gmail.com
91012,eldejoory336@gmail.com
32145,saarth.shayanne@gmail.com
87654,ada.aisha@gmail.com
23317,m.pam144@gmail.com
98876,kadia.kylen@gmail.com
10987,stephen_zeshawn@gmail.com
56782,dearis.karan811@gmail.com
77841,dannette.jerren@gmail.com
87563,lailany.dekota@gmail.com
35692,joselle.brandey@gmail.com
88741,laasya.terrell@gmail.com
44491,kadeja.perrin@gmail.com
76852,zakeria_wanda805@gmail.com
12391,shai.rishab@gmail.com
55129,amulya_allysa@gmail.com
90234,aedon.mav@gmail.com
81112,danylod@gmail.com
42081,latunya.mehtaab@gmail.com
33657,aricela.kunte@gmail.com
89765,londell_sharvi@gmail.com
65012,alayjah.gentry@gmail.com
91245,willettaa@gmail.com
47852,salliechaslyn@gmail.com
65234,jadavion.breylan700@gmail.com
87412,sharonicao@gmail.com
90456,salliechaslyn@gmail.com
30481,jazzlyn_obrien574@gmail.com